<DATE>	<OPEN>	<HIGH>	<LOW>	<CLOSE>	<TICKVOL>	<VOL>	<SPREAD>
2012.01.01	99.796	100.293	97.871	97.895	447924	0	20
2012.01.08	97.477	98.790	97.188	97.543	451284	0	8
2012.01.15	97.194	100.321	97.029	99.568	447212	0	20
2012.01.22	99.129	102.195	99.129	101.344	499030	0	4
2012.01.29	101.426	101.445	99.241	100.762	507206	0	4
2012.02.05	100.454	103.278	99.845	102.412	507772	0	20
2012.02.12	102.795	104.658	101.820	104.534	517236	0	20
2012.02.19	105.284	109.234	104.646	109.193	509100	0	6
2012.02.26	109.805	109.826	107.185	107.953	553515	0	20
2012.03.04	108.006	108.637	105.638	108.200	530714	0	20
2012.03.11	108.130	109.974	107.505	109.926	514493	0	20
2012.03.18	110.056	111.422	108.480	109.237	493515	0	20
2012.03.25	109.373	111.246	108.768	110.524	499469	0	4
2012.04.01	110.810	111.132	106.539	106.816	465028	0	4
2012.04.08	106.796	107.459	105.443	105.806	479157	0	10
2012.04.15	105.786	107.986	104.630	107.755	478375	0	15
2012.04.22	107.615	107.795	106.154	106.361	435351	0	12
2012.04.29	106.363	106.534	104.391	104.464	388150	0	15
2012.05.06	103.887	104.439	102.752	103.230	464767	0	15
2012.05.13	103.020	103.360	100.203	100.951	407389	0	15
2012.05.20	101.207	102.112	99.356	99.720	510004	0	7
2012.05.27	100.142	100.215	95.581	96.981	526387	0	14
2012.06.03	97.129	100.612	96.755	99.460	545600	0	14
2012.06.10	100.528	100.907	98.705	99.412	538028	0	15
2012.06.17	100.526	101.615	99.112	101.065	534372	0	15
2012.06.24	101.014	101.381	98.322	101.044	506687	0	12
2012.07.01	101.257	101.258	97.628	97.851	460041	0	9
2012.07.08	97.717	98.122	96.417	96.966	451034	0	11
2012.07.15	97.047	97.365	95.337	95.395	445231	0	15
2012.07.22	95.094	97.323	94.108	96.641	488294	0	15
2012.07.29	96.556	97.387	94.920	97.181	465180	0	4
2012.08.05	97.425	97.806	95.711	96.154	446444	0	15
2012.08.12	96.187	98.399	95.930	98.109	401975	0	14
2012.08.19	98.171	99.173	97.724	98.408	410567	0	10
2012.08.26	98.421	99.015	97.883	98.565	372146	0	11
2012.09.02	98.538	100.417	97.980	100.246	402057	0	7
2012.09.09	100.187	103.004	99.514	102.908	432254	0	15
2012.09.16	102.833	103.850	100.929	101.431	460313	0	15
2012.09.23	101.401	101.410	99.634	100.191	425810	0	4
2012.09.30	100.175	102.792	99.776	102.549	384216	0	15
2012.10.07	102.448	102.494	100.145	101.586	321632	0	8
2012.10.14	101.607	104.121	101.029	103.261	326260	0	14
2012.10.21	103.266	104.582	102.674	103.044	316011	0	10
2012.10.28	103.012	103.980	102.162	103.203	254943	0	4
2012.11.04	103.219	103.410	100.419	101.007	331264	0	4
2012.11.11	101.012	103.977	100.319	103.592	311211	0	4
2012.11.18	103.746	106.968	103.505	106.887	312813	0	4
2012.11.25	106.877	107.663	105.275	107.086	328677	0	4
2012.12.02	107.071	107.955	106.116	106.630	301658	0	4
2012.12.09	106.485	109.972	105.971	109.902	294908	0	4
2012.12.16	110.924	112.487	109.925	111.076	331002	0	4
2012.12.23	111.186	114.682	111.122	113.539	218611	0	4
2012.12.30	113.424	115.988	113.424	115.191	276333	0	8
2013.01.06	115.517	119.327	113.545	118.987	346622	0	8
2013.01.13	119.593	120.695	116.463	119.972	399963	0	8
2013.01.20	120.002	122.766	117.048	122.335	388412	0	8
2013.01.27	122.576	126.964	121.213	126.619	388378	0	8
2013.02.03	126.693	127.694	123.424	123.832	440397	0	8
2013.02.10	123.746	126.942	122.898	124.875	401497	0	8
2013.02.17	125.302	125.883	122.260	123.196	248760	0	8
2013.02.24	124.266	125.207	118.736	121.838	310084	0	8
2013.03.03	121.737	125.898	121.130	124.821	183172	0	1
2013.03.10	124.903	126.030	124.048	124.589	332798	0	1
2013.03.17	122.474	124.494	121.459	122.663	376161	0	1
2013.03.24	122.747	123.847	119.743	120.727	326800	0	1
2013.03.31	120.741	127.282	119.105	126.710	332231	0	1
2013.04.07	127.650	131.111	127.412	128.985	372334	0	1
2013.04.14	128.854	130.245	124.963	129.850	447441	0	6
2013.04.21	130.395	130.659	127.136	127.668	374367	0	2
2013.04.28	127.925	130.335	127.048	129.792	315386	0	1
2013.05.05	130.055	132.253	128.978	131.951	302724	0	1
2013.05.12	132.099	132.767	131.186	132.487	326795	0	1
2013.05.19	131.864	133.798	129.968	130.948	432672	0	1
2013.05.26	130.971	132.143	130.193	130.528	487976	0	5
2013.06.02	130.614	131.401	126.155	128.896	545990	0	5
2013.06.09	129.071	131.295	124.965	125.503	564683	0	5
2013.06.16	125.724	129.907	125.675	128.415	487794	0	5
2013.06.23	128.391	129.643	126.572	128.942	493988	0	5
2013.06.30	129.108	131.119	128.580	129.765	378201	0	1
2013.07.07	129.831	130.561	128.014	129.570	427581	0	1
2013.07.14	129.738	132.234	129.393	132.188	378686	0	1
2013.07.21	131.862	132.733	130.083	130.474	378999	0	1
2013.07.28	130.524	131.957	129.335	131.333	388209	0	1
2013.08.04	131.452	131.553	128.215	128.344	367086	0	1
2013.08.11	128.419	130.723	127.968	129.979	352638	0	1
2013.08.18	130.180	132.422	129.286	132.057	346952	0	1
2013.08.25	131.951	132.309	129.303	129.696	326821	0	1
2013.09.01	129.893	132.147	129.786	130.572	295573	0	1
2013.09.08	131.434	133.367	130.981	132.085	290583	0	1
2013.09.15	132.049	134.943	131.862	134.269	281016	0	1
2013.09.22	134.333	134.421	132.623	132.788	271287	0	1
2013.09.29	131.842	133.479	131.421	132.134	313288	0	1
2013.10.06	131.953	133.594	131.143	133.455	278621	0	1
2013.10.13	133.149	134.181	132.630	133.704	251343	0	1
2013.10.20	134.002	135.503	133.603	134.410	241249	0	1
2013.10.27	134.659	135.449	132.603	132.972	252033	0	1
2013.11.03	133.131	133.725	131.227	132.367	244031	0	1
2013.11.10	132.466	135.311	132.207	135.176	271030	0	1
2013.11.17	135.266	137.330	134.108	137.294	285687	0	1
2013.11.24	137.263	139.703	137.018	139.162	234322	0	1
2013.12.01	139.274	141.043	138.427	141.007	315469	0	1
2013.12.08	141.401	142.822	140.914	141.735	286189	0	1
2013.12.15	141.709	142.897	140.980	142.261	274474	0	1
2013.12.22	142.262	145.684	142.096	144.549	140468	0	1
2013.12.29	144.881	145.165	141.961	142.426	213576	0	1
2014.01.05	142.531	143.161	141.498	142.348	288795	0	1
2014.01.12	142.231	142.907	140.496	141.211	270619	0	1
2014.01.19	141.135	142.412	139.756	139.894	293359	0	1
2014.01.26	139.629	141.252	137.466	137.499	334301	0	1
2014.02.02	137.734	139.603	136.225	139.517	377180	0	1
2014.02.09	139.769	140.300	138.673	139.374	280058	0	1
2014.02.16	139.368	141.263	138.948	140.812	274149	0	1
2014.02.23	140.895	141.115	138.788	140.450	293672	0	1
2014.03.02	139.886	143.788	139.149	143.260	307474	0	0
2014.03.09	143.165	143.615	140.445	141.005	592108	0	0
2014.03.16	140.944	141.978	140.437	141.069	533686	0	0
2014.03.23	140.975	141.886	139.960	141.375	508471	0	0
2014.03.30	141.504	143.474	141.317	141.498	486234	0	0
2014.04.06	141.579	141.892	140.080	141.103	501464	0	1
2014.04.13	140.799	141.765	140.230	141.403	280382	0	1
2014.04.20	141.529	141.996	141.033	141.345	248656	0	1
2014.04.27	141.345	142.473	140.989	141.717	288112	0	0
2014.05.04	141.848	142.366	139.885	140.133	354259	0	1
2014.05.11	140.091	140.944	138.776	138.993	304655	0	1
2014.05.18	139.048	139.305	138.140	138.953	313009	0	0
2014.05.25	138.939	139.359	137.972	138.734	203184	0	0
2014.06.01	138.784	139.985	138.659	139.793	297526	0	0
2014.06.08	139.930	140.089	137.716	138.164	281090	0	1
2014.06.15	138.101	138.892	137.702	138.814	256425	0	0
2014.06.22	138.762	138.924	137.919	138.396	241515	0	0
2014.06.29	138.394	139.270	138.102	138.748	243736	0	1
2014.07.06	138.749	138.828	137.494	137.885	312491	0	1
2014.07.13	137.872	138.449	136.705	137.079	342747	0	1
2014.07.20	137.103	137.336	136.362	136.625	292843	0	1
2014.07.27	136.703	137.999	136.635	137.675	342650	0	2
2014.08.03	137.726	137.906	135.722	136.831	333235	0	10
2014.08.10	136.900	137.613	136.362	137.100	247670	0	10
2014.08.17	137.092	137.998	136.809	137.605	261125	0	7
2014.08.24	137.458	137.667	136.414	136.683	286397	0	4
2014.08.31	136.739	138.279	135.815	136.114	333723	0	1
2014.09.07	136.191	139.196	135.887	139.179	493611	0	1
2014.09.14	139.127	141.223	138.469	139.874	437408	0	1
2014.09.21	139.840	140.218	138.385	138.612	503148	0	1
2014.09.28	138.663	139.134	136.872	137.361	494910	0	1
2014.10.05	137.336	137.940	135.838	135.935	537156	0	1
2014.10.12	135.781	136.714	134.143	136.377	617528	0	1
2014.10.19	136.552	137.069	135.202	137.016	482666	0	7
2014.10.26	137.125	140.786	136.582	140.664	538185	0	1
2014.11.02	141.273	144.214	140.397	142.734	686479	0	1
2014.11.09	142.655	145.838	142.086	145.587	625192	0	1
2014.11.16	145.988	149.130	144.785	145.947	474324	0	1
2014.11.23	145.761	147.969	145.583	147.634	352393	26353079000	3
2014.11.30	147.954	149.510	147.029	149.226	368426	0	1
2014.12.07	149.305	149.780	146.419	147.985	458042	361003457000	1
2014.12.14	147.897	148.239	144.959	145.937	420523	430861423000	0
2014.12.21	146.117	147.137	145.949	146.496	699189	768985575000	0
2014.12.28	146.572	147.217	144.126	144.597	286610	212394476000	0
2015.01.04	143.967	144.152	140.180	140.274	703647	0	13
2015.01.11	140.184	140.870	134.695	135.887	768298	0	13
2015.01.18	135.691	137.626	130.916	131.924	409958	0	8
2015.01.25	131.011	134.353	130.138	132.592	427475	19539555000	1
2015.02.01	132.269	135.352	132.269	134.742	533929	0	1
2015.02.08	134.445	136.683	133.678	135.242	514112	0	8
2015.02.15	135.047	136.226	133.557	135.396	497613	0	1
2015.02.22	135.697	135.697	133.444	133.919	438475	0	8
2015.03.01	133.854	134.588	130.885	130.991	443045	0	8
2015.03.08	130.830	131.870	126.899	127.379	517542	0	1
2015.03.15	127.285	131.629	127.145	129.856	549304	0	1
2015.03.22	130.240	131.505	129.027	129.687	520259	0	8
2015.03.29	129.687	130.960	128.393	130.310	421035	0	3
2015.04.05	130.774	131.287	127.196	127.451	413980	0	4
2015.04.12	127.451	128.720	126.090	128.536	513347	0	4
2015.04.19	128.536	130.111	127.452	129.335	560848	0	2
2015.04.26	129.160	135.284	129.006	134.497	727955	0	4
2015.05.03	134.565	135.999	133.111	134.206	202587	0	4
2015.05.10	134.057	136.811	133.480	136.655	576919	0	8
2015.05.17	136.577	136.954	133.715	133.876	675785	0	1
2015.05.24	133.701	136.419	133.089	136.402	665984	0	8
2015.05.31	136.276	141.050	135.120	139.589	838709	0	4
2015.06.07	139.411	141.000	137.979	138.920	1065380	0	7
2015.06.14	138.157	140.663	138.100	139.212	927945	0	4
2015.06.21	139.832	140.627	137.656	138.347	929181	0	8
2015.06.28	135.387	138.114	134.450	136.373	1007312	0	4
2015.07.05	133.950	137.277	133.298	136.925	1181393	0	5
2015.07.12	135.738	137.785	134.325	134.348	977279	0	9
2015.07.19	134.373	136.431	134.339	135.909	1099849	324636726000	5
2015.07.26	135.863	137.342	135.534	136.029	1065190	1067681771000	5
2015.08.02	135.959	136.716	134.991	136.173	1035419	1014060942000	9
2015.08.09	136.111	138.858	136.097	138.110	775686	664463286000	4
2015.08.16	138.132	139.010	137.058	138.914	1080356	1069072210000	6
2015.08.23	138.612	138.953	135.256	136.085	1484904	1226507709000	0
2015.08.30	135.886	136.353	132.225	132.692	1106608	1046422640000	8
2015.09.06	132.660	136.920	132.643	136.712	1060901	1037042013000	9
2015.09.13	136.552	137.441	134.994	135.540	993945	1019784623000	9
2015.09.20	135.515	136.134	133.151	135.024	1038748	1069634681000	9
2015.09.27	134.794	135.113	133.433	134.394	1132083	1148185917000	8
2015.10.04	134.650	136.952	134.400	136.529	1054795	1103089319000	9
2015.10.11	136.493	136.932	134.799	135.549	888345	941964571000	0
2015.10.18	135.552	136.385	133.367	133.795	906111	975899982000	0
2015.10.25	133.697	133.898	131.595	132.722	855832	860437304000	0
2015.11.01	132.883	133.204	131.507	132.290	814066	878412614000	0
2015.11.08	132.275	133.189	131.477	131.983	944732	1064837831000	0
2015.11.15	131.241	132.269	130.639	130.703	873377	941002985000	0
2015.11.22	130.685	131.041	129.665	129.960	827871	923295008000	0
2015.11.29	130.042	134.588	129.752	133.907	941050	1037182996000	0
2015.12.06	133.904	134.215	132.625	132.926	937301	944247555000	0
2015.12.13	133.048	133.781	131.031	131.583	1024410	900489641000	0
2015.12.20	131.549	132.793	131.492	131.796	552520	507807660000	0
2015.12.27	131.600	132.460	130.467	130.564	461751	439722621000	0
2016.01.03	130.657	130.760	126.780	128.073	1174265	1070207801000	0
2016.01.10	127.888	128.751	127.306	127.670	1243668	1128430047000	0
2016.01.17	127.459	128.553	126.160	128.231	1273914	1341910498000	0
2016.01.24	128.011	132.289	127.816	131.168	1223117	1325452364000	0
2016.01.31	131.396	132.021	130.049	130.316	1274422	1291846636000	9
2016.02.07	130.141	130.899	125.771	127.359	1518274	1654215171000	0
2016.02.14	127.371	128.166	125.014	125.254	1228358	1285100241000	0
2016.02.21	125.092	125.558	122.450	124.571	1242050	1345789170000	0
2016.02.28	124.352	125.587	122.076	125.214	1203861	1312987724000	0
2016.03.06	125.178	127.284	123.055	126.864	1087131	1166779806000	0
2016.03.13	126.937	127.150	125.091	125.709	1040084	1121634277000	0
2016.03.20	125.695	126.457	124.669	126.224	795352	782546404000	0
2016.03.27	126.297	128.216	126.253	127.106	883635	1028815915000	0
2016.04.03	127.189	127.348	122.548	123.104	992484	1080786952000	0
2016.04.10	123.267	123.995	122.588	122.671	900480	958837837000	0
2016.04.17	122.270	125.499	121.710	125.415	841972	763702694000	0
2016.04.24	125.463	126.466	121.664	121.751	864985	821367952000	0
2016.05.01	121.726	123.514	121.477	122.098	902883	956880325000	0
2016.05.08	122.006	124.648	121.995	122.721	845619	943953503000	0
2016.05.15	122.849	124.169	122.610	123.512	864867	905029698000	0
2016.05.22	123.360	123.639	122.213	122.497	769865	780425884000	0
2016.05.29	122.692	124.185	120.824	121.070	931044	1043090748000	0
2016.06.05	120.974	122.694	119.903	120.279	962516	1096285041000	0
2016.06.12	120.133	120.316	115.495	117.329	1163314	1376990505000	0
2016.06.19	117.362	121.965	109.426	113.397	1022720	1276858172000	0
2016.06.26	111.755	114.794	111.366	114.176	1104899	1220081300000	0
2016.07.03	114.167	114.507	110.817	110.913	901845	972128641000	0
2016.07.10	111.142	118.401	111.015	115.564	1053406	1229456042000	0
2016.07.17	116.414	118.461	116.143	116.366	905619	1028324695000	0
2016.07.24	116.441	117.136	113.876	114.031	891477	916179527000	0
2016.07.31	114.208	114.805	112.307	112.873	733721	649272006000	0
2016.08.07	112.940	114.025	112.699	113.076	603531	541471227000	0
2016.08.14	112.929	113.928	112.356	113.472	728068	679599211000	0
2016.08.21	113.916	114.129	112.784	113.854	685134	583947410000	0
2016.08.28	114.140	116.361	113.848	115.711	719339	605896314000	0
2016.09.04	116.072	116.149	113.804	115.106	748273	657763522000	0
2016.09.11	115.194	116.078	113.926	114.062	805758	757975617000	0
2016.09.18	113.898	114.390	112.076	113.065	759225	679915823000	0
2016.09.25	113.338	114.185	112.241	113.892	869031	794640920000	0
2016.10.02	113.619	116.277	113.585	115.093	858138	737952231000	0
2016.10.09	115.379	115.786	114.007	114.220	810237	664173831000	0
2016.10.16	114.409	114.679	112.605	112.723	754097	589816842000	0
2016.10.23	112.970	115.321	112.830	114.808	806288	568608227000	0
2016.10.30	114.868	115.673	114.005	114.775	942829	729932989000	0
2016.11.06	114.959	116.573	113.710	115.485	1317118	1174399126000	0
2016.11.13	115.704	117.509	115.547	117.177	1197141	985165995000	0
2016.11.20	118.437	120.161	117.292	119.727	1189573	963442871000	0
2016.11.27	119.674	121.885	118.547	120.834	1194138	894506815000	0
2016.12.04	120.217	123.342	118.687	121.505	979719	636967896000	0
2016.12.11	121.529	124.091	121.529	123.382	1276639	1041186230000	0
2016.12.18	123.041	123.221	121.675	122.408	1098569	1068956028000	0
2016.12.25	122.449	123.851	120.699	122.683	920965	856295108000	0
2017.01.01	122.769	123.504	122.009	122.997	1238987	1117082607000	0
2017.01.08	122.974	123.721	121.188	121.800	1382496	1225969011000	0
2017.01.15	121.153	122.942	120.537	122.434	1357602	1169327621000	0
2017.01.22	122.274	123.307	121.129	123.071	1312981	1167823850000	0
2017.01.29	123.006	123.128	121.011	121.205	1295698	1132476333000	0
2017.02.05	121.286	121.491	119.322	120.227	1121611	946713275000	0
2017.02.12	120.646	121.276	119.481	119.558	1035967	827823221000	0
2017.02.19	119.720	120.311	118.172	118.172	964433	761733812000	0
2017.02.26	118.445	121.175	118.246	120.880	1102658	887727386000	0
2017.03.05	120.818	122.828	120.015	122.424	1037807	822201017000	0
2017.03.12	122.637	122.884	120.814	121.009	1032977	800974281000	0
2017.03.19	120.957	121.832	119.319	119.970	1086111	878837595000	0
2017.03.26	120.126	120.441	118.341	118.417	1025055	825813277000	0
2017.04.02	118.734	119.045	117.313	117.400	1009626	811914326000	0
2017.04.09	117.560	118.060	114.921	115.695	877076	731618695000	0
2017.04.16	115.430	117.815	114.847	116.652	886435	707650913000	0
2017.04.23	120.497	121.996	118.916	121.404	1015042	873105874000	0
2017.04.30	121.411	124.047	121.293	123.674	841844	734985794000	0
2017.05.07	124.452	124.532	122.980	123.790	883006	752004011000	0
2017.05.14	123.686	125.812	122.553	124.585	1061581	937781752000	0
2017.05.21	124.266	125.804	124.115	124.328	880323	736981415000	0
2017.05.28	124.195	125.306	123.152	124.419	810057	701157110000	0
2017.06.04	124.426	124.707	122.627	123.413	911387	0	9
2017.06.11	123.578	124.456	122.396	124.046	926594	0	9
2017.06.18	124.250	124.702	123.654	124.448	898632	0	9
2017.06.25	124.429	128.825	124.380	128.348	1011904	0	9
2017.07.02	127.989	130.121	127.989	129.753	965308	0	9
2017.07.09	129.818	130.762	128.490	129.012	1017265	0	9
2017.07.16	129.006	130.501	128.574	129.588	1072473	0	9
2017.07.23	129.567	130.603	128.867	130.035	1131812	0	9
2017.07.30	129.935	131.398	129.544	130.262	1131265	0	9
2017.08.06	130.343	130.866	128.045	129.070	1110497	0	9
2017.08.13	129.002	130.392	127.555	128.407	1172857	0	9
2017.08.20	128.521	130.426	127.829	130.117	996719	0	9
2017.08.27	130.384	131.701	129.651	130.790	1041214	0	9
2017.09.03	130.185	131.092	129.361	129.541	1050753	0	9
2017.09.10	129.996	133.092	129.981	132.405	1018000	1975996000	0
2017.09.17	132.410	134.405	132.406	133.777	1038438	0	0
2017.09.24	133.522	134.237	131.747	132.832	1020802	0	0
2017.10.01	132.699	133.073	131.841	132.164	755609	0	0
2017.10.08	132.035	133.494	131.863	132.180	733566	0	0
2017.10.15	132.042	133.961	131.660	133.695	760193	0	0
2017.10.22	133.975	134.499	131.751	131.938	853830	0	0
2017.10.29	131.986	133.148	131.453	132.385	741946	0	0
2017.11.05	132.369	133.117	131.396	132.402	782245	0	0
2017.11.12	132.249	133.880	131.930	132.142	814009	0	0
2017.11.19	132.120	133.235	131.167	133.037	691148	0	0
2017.11.26	132.971	134.382	131.720	133.386	856628	0	0
2017.12.03	133.721	134.051	132.192	133.592	915169	0	0
2017.12.10	133.576	133.885	132.054	132.308	813127	0	0
2017.12.17	132.381	134.879	132.107	134.400	1027274	0	3
2017.12.24	134.468	135.515	134.162	135.189	749413	0	3
2017.12.31	135.220	136.635	134.803	136.025	820407	0	3
2018.01.07	136.058	136.322	133.045	135.499	1307994	0	1
2018.01.14	135.437	136.310	134.977	135.421	1392696	0	1
2018.01.21	135.575	136.293	134.540	134.946	1560376	0	1
2018.01.28	135.028	137.500	134.127	137.219	1422353	0	1
2018.02.04	137.007	137.196	131.984	133.306	2051229	0	1
2018.02.11	133.295	133.788	131.603	131.895	1522989	0	1
2018.02.18	131.813	133.057	130.933	131.407	1336630	0	1
2018.02.25	131.667	132.186	129.560	130.243	1448634	0	1
2018.03.04	130.037	132.015	129.350	131.422	1387494	0	1
2018.03.11	131.436	132.429	130.074	130.274	1200521	0	0
2018.03.18	130.209	131.717	128.946	129.391	1429837	0	1
2018.03.25	129.273	131.814	129.259	130.925	1518207	0	1
2018.04.01	130.800	131.617	129.977	131.330	993545	0	1
2018.04.08	131.302	132.898	131.106	132.365	659428	0	1
2018.04.15	132.462	133.089	132.039	132.288	530319	0	1
2018.04.22	132.202	133.484	131.884	132.272	573232	0	1
2018.04.29	132.231	132.541	129.895	130.494	570446	0	1
2018.05.06	130.418	130.763	129.231	130.616	566439	0	1
2018.05.13	130.547	131.375	129.531	130.354	542253	0	1
2018.05.20	130.496	131.346	127.150	127.424	716370	0	1
2018.05.27	128.207	128.535	124.618	127.702	959368	0	1
2018.06.03	127.543	130.274	127.543	128.893	670799	0	0
2018.06.10	128.690	130.353	127.697	128.463	663207	0	1
2018.06.17	128.267	128.597	126.640	128.205	757509	0	1
2018.06.24	128.135	129.466	127.139	129.333	904204	0	1
2018.07.01	129.202	129.966	128.415	129.716	902177	0	1
2018.07.08	129.534	131.531	129.534	131.312	774150	0	1
2018.07.15	131.164	131.982	130.543	130.638	886719	0	0
2018.07.22	130.602	130.736	129.118	129.449	600679	0	7
2018.07.29	129.295	131.139	128.627	128.696	524499	0	6
2018.08.05	128.661	129.451	126.000	126.580	505376	0	9
2018.08.12	125.592	126.982	124.893	126.395	700178	0	6
2018.08.19	126.483	129.410	126.066	129.282	590404	0	5
2018.08.26	129.298	130.858	128.549	128.926	612633	0	6
2018.09.02	128.765	129.973	128.010	128.286	627342	0	6
2018.09.09	128.220	131.105	127.854	130.223	508999	0	7
2018.09.16	130.171	133.125	130.090	132.247	552755	0	11
2018.09.23	132.034	133.109	131.173	131.889	542883	0	7
2018.09.30	132.085	132.454	130.593	130.974	594654	0	11
2018.10.07	131.084	131.242	129.200	129.685	795881	0	6
2018.10.14	129.385	130.290	128.312	129.574	746192	0	8
2018.10.21	129.629	130.193	126.624	127.551	915892	0	5
2018.10.28	127.534	129.318	127.241	128.864	787242	0	6
2018.11.04	128.815	130.139	128.591	128.862	693606	0	6
2018.11.11	128.793	129.221	127.489	128.751	888915	0	7
2018.11.18	128.690	129.094	127.811	127.941	640566	0	7
2018.11.25	128.023	129.289	127.920	128.394	655922	0	5
2018.12.02	129.043	129.142	127.609	128.413	760681	0	6
2018.12.09	128.199	129.246	127.977	128.171	789633	0	5
2018.12.16	128.099	128.584	126.366	126.382	900368	0	7
2018.12.23	126.397	127.084	125.781	126.195	864565	0	5
2018.12.30	126.117	126.429	118.586	123.644	754385	0	5
2019.01.06	123.628	125.090	123.396	124.419	775562	0	4
2019.01.13	124.311	124.964	123.390	124.736	677504	0	11
2019.01.20	124.577	125.309	123.778	124.930	676405	0	11
2019.01.27	124.882	125.727	124.355	125.391	693254	0	7
2019.02.03	125.402	125.939	124.165	124.273	557149	0	6
2019.02.10	124.225	125.531	124.223	124.680	581535	0	5
2019.02.17	124.697	125.928	124.689	125.379	598200	0	10
2019.02.24	125.402	127.491	125.348	127.172	620165	0	0
2019.03.03	127.232	127.374	124.267	124.861	535917	0	11
2019.03.10	124.870	126.564	124.474	126.205	480532	0	7
2019.03.17	126.218	126.782	123.814	124.205	490913	0	6
2019.03.24	124.246	125.003	123.645	124.275	580284	0	5
2019.03.31	124.653	125.502	124.429	125.276	426746	0	8
2019.04.07	125.222	126.759	124.771	126.532	410892	0	5
2019.04.14	126.527	126.802	125.644	125.745	381839	0	6
2019.04.21	125.748	126.061	124.083	124.400	417411	0	4
2019.04.28	124.294	125.225	124.272	124.457	397742	0	5
2019.05.05	123.562	124.289	122.478	123.528	594592	0	6
2019.05.12	123.289	123.452	122.072	122.765	548762	0	5
2019.05.19	122.867	123.739	122.139	122.450	491307	0	6
2019.05.26	122.567	122.797	120.911	120.918	506930	0	9
2019.06.02	120.908	122.708	120.776	122.607	608952	0	5
2019.06.09	122.799	123.170	121.584	121.685	467146	0	4
2019.06.16	121.587	122.118	120.942	122.032	550009	0	4
2019.06.23	121.992	122.887	121.644	122.680	509675	0	4
2019.06.30	122.663	123.350	121.266	121.756	397688	0	6
2019.07.07	121.612	122.317	121.508	121.583	315588	0	4
2019.07.14	121.541	121.851	120.779	120.869	405882	0	4
2019.07.21	120.826	121.373	120.049	120.920	324222	0	4
2019.07.28	120.822	121.378	118.261	118.374	544198	0	4
2019.08.04	118.257	119.870	117.670	118.345	781889	0	4
2019.08.11	118.152	119.583	117.515	117.954	797562	0	4
2019.08.18	117.744	118.473	117.258	117.389	596381	0	4
2019.08.25	117.064	118.196	116.560	116.776	753402	0	3
2019.09.01	116.470	118.610	115.863	117.854	582815	0	3
2019.09.08	117.742	120.007	117.550	119.669	435716	0	3
2019.09.15	119.682	119.821	118.450	118.530	420355	0	3
2019.09.22	118.646	118.788	117.444	118.089	416834	0	3
2019.09.29	118.101	118.180	117.070	117.350	423120	0	3
2019.10.06	117.112	120.005	117.083	119.659	471928	0	3
2019.10.13	119.492	121.354	119.104	121.065	445750	0	3
2019.10.20	120.952	121.471	120.352	120.400	343147	0	3
2019.10.27	120.439	121.468	120.285	120.789	328275	0	3
2019.11.03	120.776	121.298	120.136	120.366	340373	0	3
2019.11.10	120.374	120.635	119.247	120.194	276222	0	3
2019.11.17	120.182	120.684	119.660	119.701	300798	0	3
2019.11.24	119.647	120.759	119.632	120.582	247345	0	3
2019.12.01	120.442	121.014	120.001	120.066	295479	0	3
2019.12.08	120.099	122.647	119.991	121.559	320594	0	3
2019.12.15	121.641	122.458	121.190	121.212	246772	0	3
2019.12.22	121.204	122.498	121.059	122.390	175807	0	3
2019.12.29	122.390	122.486	120.166	120.591	249931	0	3
2020.01.05	120.393	121.835	120.168	121.778	392244	0	2
2020.01.12	121.514	122.871	121.514	122.163	261464	0	2
2020.01.19	122.145	122.368	120.412	120.486	252542	0	2
2020.01.26	120.125	120.416	119.766	120.207	331925	0	2
2020.02.02	120.040	121.151	119.917	120.136	344830	0	2
2020.02.09	120.054	120.336	118.861	118.894	324412	0	2
2020.02.16	119.007	121.394	118.462	121.032	375807	0	2
2020.02.23	120.457	121.065	118.372	119.185	850151	0	2
2020.03.01	118.742	120.946	118.588	118.939	637143	0	1
2020.03.08	118.475	120.317	116.115	119.893	1400409	0	0
2020.03.15	119.812	119.839	116.887	118.559	1345740	0	0
2020.03.22	118.458	121.141	117.718	120.295	1095084	0	0
2020.03.29	119.589	119.980	116.347	117.250	650212	0	0
2020.04.05	117.099	119.035	117.066	118.486	486349	0	0
2020.04.12	118.651	118.694	116.551	116.942	369940	0	0
2020.04.19	116.677	117.287	115.542	116.346	345655	0	0
2020.04.26	116.248	117.775	115.448	117.386	321262	0	0
2020.05.03	117.258	117.275	114.410	115.613	304055	0	0
2020.05.10	115.179	116.856	115.149	115.937	327358	0	0
2020.05.17	115.875	118.529	115.636	117.314	294895	0	0
2020.05.24	117.120	119.898	117.082	119.719	340699	0	0
2020.05.31	119.739	124.430	119.421	123.696	446306	0	0
2020.06.07	123.782	124.117	120.253	120.877	474050	0	0
2020.06.14	120.396	122.114	119.370	119.441	453730	0	0
2020.06.21	119.328	121.098	119.275	120.279	383195	0	0
2020.06.28	119.965	121.480	119.965	120.853	325051	0	0
2020.07.05	120.731	121.967	120.268	120.774	311525	0	0
2020.07.12	120.749	122.575	120.749	122.269	303252	0	0
2020.07.19	122.042	124.291	122.042	123.677	314159	0	0
2020.07.26	123.403	125.207	123.013	124.692	404660	0	0
2020.08.02	124.517	125.588	123.989	124.827	369430	0	0
2020.08.09	124.743	126.750	124.302	126.194	308052	0	0
2020.08.16	126.034	126.460	124.440	124.823	327916	0	0
2020.08.23	124.712	126.777	124.687	125.417	334097	0	0
2020.08.30	125.469	127.072	125.281	125.773	338367	0	0
2020.09.06	125.845	126.461	124.414	125.736	311297	0	0
2020.09.13	125.527	125.899	123.309	123.820	252336	0	0
2020.09.20	123.825	123.938	122.514	122.750	273208	0	0
2020.09.27	122.680	124.247	122.377	123.404	301227	0	0
2020.10.04	123.311	125.085	123.286	124.941	259257	0	0
2020.10.11	124.958	124.998	123.015	123.491	253826	0	0
2020.10.18	123.468	124.997	123.362	124.184	252390	0	0
2020.10.25	124.084	124.201	121.616	121.904	300975	0	0
2020.11.01	121.703	123.184	121.700	122.743	436366	0	0
2020.11.08	122.769	125.133	122.669	123.787	480473	0	0
2020.11.15	123.965	124.441	122.846	123.141	378970	0	0
2020.11.22	122.972	124.568	122.972	124.488	339342	0	0
2020.11.29	124.359	126.678	124.305	126.268	393232	0	0
2020.12.06	126.281	126.738	125.784	125.997	387024	0	0
2020.12.13	126.126	127.012	125.706	126.589	359027	0	0
2020.12.20	126.478	126.657	125.911	126.277	294394	0	0
2020.12.27	126.097	127.232	126.046	126.130	233898	0	0
2021.01.03	126.105	127.492	126.048	127.069	476511	0	0
2021.01.10	126.798	127.081	125.401	125.439	372701	0	0
2021.01.17	125.394	126.401	125.087	126.282	319626	0	0
2021.01.24	126.286	127.344	125.597	127.089	381257	0	0
2021.01.31	127.081	127.133	126.098	126.977	320133	0	0
2021.02.07	126.804	127.304	126.436	127.157	280740	0	0
2021.02.14	127.168	128.453	127.124	127.741	283666	0	0
2021.02.21	127.604	129.973	127.506	128.629	436890	0	0
2021.02.28	128.551	129.636	128.181	129.105	434104	0	0
2021.03.07	128.980	130.391	128.780	130.304	372549	0	0
2021.03.14	130.200	130.665	129.321	129.614	332042	0	0
2021.03.21	129.134	129.943	128.292	129.342	312280	0	0
2021.03.28	129.319	130.317	128.832	130.123	288509	0	0
2021.04.04	130.031	130.683	129.573	130.500	314113	0	0
2021.04.11	130.296	130.609	129.798	130.346	273408	0	0
2021.04.18	130.136	130.971	129.590	130.502	330381	0	0
2021.04.25	130.436	132.366	130.207	131.427	307966	0	0
2021.05.02	131.376	132.172	130.985	132.080	314872	0	0
2021.05.09	131.986	132.842	131.642	132.808	364453	0	0
2021.05.16	132.632	133.438	132.433	132.698	319947	0	0
2021.05.23	132.596	134.057	132.523	133.922	381404	0	0
2021.05.30	133.883	134.125	133.141	133.244	351119	0	2
2021.06.06	133.208	133.758	132.659	132.785	329166	0	2
2021.06.13	132.687	133.682	130.656	130.703	385453	0	2
2021.06.20	130.540	132.692	130.038	132.230	382460	0	1
2021.06.27	132.098	132.430	131.277	131.719	352436	0	2
2021.07.04	131.590	131.867	129.620	130.757	421232	0	1
2021.07.11	130.672	131.087	129.600	129.952	336952	0	2
2021.07.18	129.732	130.295	128.592	130.106	395610	0	2
2021.07.25	129.952	130.561	129.545	130.189	382385	0	2
2021.08.01	130.031	130.418	129.135	129.625	316622	0	2
2021.08.08	129.560	129.804	129.233	129.277	277275	0	1
2021.08.15	129.220	129.431	127.928	128.457	325279	0	2
2021.08.22	128.212	129.765	128.102	129.573	325402	0	2
2021.08.29	129.514	130.744	129.478	130.308	337345	0	2
2021.09.05	130.184	130.696	129.645	129.806	347286	0	2
2021.09.12	129.740	130.195	128.605	128.942	343036	0	2
2021.09.19	128.830	129.840	127.920	129.792	395291	0	0
2021.09.26	129.766	130.470	128.546	128.757	416735	0	0
2021.10.03	128.751	129.902	128.333	129.891	370103	0	0
2021.10.10	129.636	132.774	129.636	132.511	370233	0	0
2021.10.17	132.514	133.478	131.916	132.142	387726	0	0
2021.10.24	132.150	132.917	131.555	131.763	391933	0	0
2021.10.31	131.908	132.561	130.833	131.157	378839	0	0
2021.11.07	130.933	131.425	130.232	130.357	390439	0	0
2021.11.14	130.370	130.597	127.977	128.648	421766	0	0
2021.11.21	128.533	129.593	127.790	128.291	502036	0	0
2021.11.28	128.405	128.785	127.378	127.598	562475	0	0
2021.12.05	127.492	129.103	127.492	128.306	397328	0	0
2021.12.12	128.077	129.636	127.745	127.770	387931	0	0
2021.12.19	127.609	129.747	127.514	129.472	347629	0	0
2021.12.26	129.182	131.032	129.182	130.919	274809	0	0
